<?xml version="1.0" encoding="UTF-8"?>
<configurationDescriptor version="100">
  <logicalFolder name="root" displayName="root" projectFiles="true" kind="ROOT">
    <logicalFolder name="HeaderFiles"
                   displayName="Header Files"
                   projectFiles="true">
    </logicalFolder>
    <logicalFolder name="ResourceFiles"
                   displayName="Resource Files"
                   projectFiles="true">
    </logicalFolder>
    <logicalFolder name="SourceFiles"
                   displayName="Source Files"
                   projectFiles="true">
      <itemPath>Destructors.cpp</itemPath>
      <itemPath>SingleInheritance.cpp</itemPath>
      <itemPath>UseOfClass.cpp</itemPath>
      <itemPath>arraysOfObject.cpp</itemPath>
      <itemPath>defaultArguments.cpp</itemPath>
      <itemPath>exceptionHandling.cpp</itemPath>
      <itemPath>exceptionHandling2.cpp</itemPath>
      <itemPath>functionOverloading.cpp</itemPath>
      <itemPath>inlineFunction.cpp</itemPath>
      <itemPath>multilevelInheritance.cpp</itemPath>
      <itemPath>multipleInheritance.cpp</itemPath>
      <itemPath>newDeleteOperator.cpp</itemPath>
      <itemPath>overloadingMinus.cpp</itemPath>
      <itemPath>parameterizedConstructor.cpp</itemPath>
      <itemPath>staticClassMember.cpp</itemPath>
      <itemPath>staticMemberFunction.cpp</itemPath>
      <itemPath>templateClass.cpp</itemPath>
      <itemPath>templateFunction.cpp</itemPath>
      <itemPath>useOfMathFunctions.cpp</itemPath>
      <itemPath>virturalFunction.cpp</itemPath>
    </logicalFolder>
    <logicalFolder name="TestFiles"
                   displayName="Test Files"
                   projectFiles="false"
                   kind="TEST_LOGICAL_FOLDER">
    </logicalFolder>
    <logicalFolder name="ExternalFiles"
                   displayName="Important Files"
                   projectFiles="false"
                   kind="IMPORTANT_FILES_FOLDER">
      <itemPath>Makefile</itemPath>
    </logicalFolder>
  </logicalFolder>
  <projectmakefile>Makefile</projectmakefile>
  <confs>
    <conf name="Debug" type="1">
      <toolsSet>
        <compilerSet>default</compilerSet>
        <dependencyChecking>true</dependencyChecking>
        <rebuildPropChanged>false</rebuildPropChanged>
      </toolsSet>
      <compileType>
      </compileType>
      <item path="Destructors.cpp" ex="false" tool="1" flavor2="0">
      </item>
      <item path="SingleInheritance.cpp" ex="false" tool="1" flavor2="0">
      </item>
      <item path="UseOfClass.cpp" ex="false" tool="1" flavor2="0">
      </item>
      <item path="arraysOfObject.cpp" ex="false" tool="1" flavor2="0">
      </item>
      <item path="defaultArguments.cpp" ex="false" tool="1" flavor2="0">
      </item>
      <item path="exceptionHandling.cpp" ex="false" tool="1" flavor2="0">
      </item>
      <item path="exceptionHandling2.cpp" ex="false" tool="1" flavor2="0">
      </item>
      <item path="functionOverloading.cpp" ex="false" tool="1" flavor2="0">
      </item>
      <item path="inlineFunction.cpp" ex="false" tool="1" flavor2="0">
      </item>
      <item path="multilevelInheritance.cpp" ex="false" tool="1" flavor2="0">
      </item>
      <item path="multipleInheritance.cpp" ex="false" tool="1" flavor2="0">
      </item>
      <item path="newDeleteOperator.cpp" ex="false" tool="1" flavor2="0">
      </item>
      <item path="overloadingMinus.cpp" ex="false" tool="1" flavor2="0">
      </item>
      <item path="parameterizedConstructor.cpp" ex="false" tool="1" flavor2="0">
      </item>
      <item path="staticClassMember.cpp" ex="false" tool="1" flavor2="0">
      </item>
      <item path="staticMemberFunction.cpp" ex="false" tool="1" flavor2="0">
      </item>
      <item path="templateClass.cpp" ex="false" tool="1" flavor2="0">
      </item>
      <item path="templateFunction.cpp" ex="false" tool="1" flavor2="0">
      </item>
      <item path="useOfMathFunctions.cpp" ex="false" tool="1" flavor2="0">
      </item>
      <item path="virturalFunction.cpp" ex="false" tool="1" flavor2="0">
      </item>
    </conf>
    <conf name="Release" type="1">
      <toolsSet>
        <compilerSet>default</compilerSet>
        <dependencyChecking>true</dependencyChecking>
        <rebuildPropChanged>false</rebuildPropChanged>
      </toolsSet>
      <compileType>
        <cTool>
          <developmentMode>5</developmentMode>
        </cTool>
        <ccTool>
          <developmentMode>5</developmentMode>
        </ccTool>
        <fortranCompilerTool>
          <developmentMode>5</developmentMode>
        </fortranCompilerTool>
        <asmTool>
          <developmentMode>5</developmentMode>
        </asmTool>
      </compileType>
      <item path="Destructors.cpp" ex="false" tool="1" flavor2="0">
      </item>
      <item path="SingleInheritance.cpp" ex="false" tool="1" flavor2="0">
      </item>
      <item path="UseOfClass.cpp" ex="false" tool="1" flavor2="0">
      </item>
      <item path="arraysOfObject.cpp" ex="false" tool="1" flavor2="0">
      </item>
      <item path="defaultArguments.cpp" ex="false" tool="1" flavor2="0">
      </item>
      <item path="exceptionHandling.cpp" ex="false" tool="1" flavor2="0">
      </item>
      <item path="exceptionHandling2.cpp" ex="false" tool="1" flavor2="0">
      </item>
      <item path="functionOverloading.cpp" ex="false" tool="1" flavor2="0">
      </item>
      <item path="inlineFunction.cpp" ex="false" tool="1" flavor2="0">
      </item>
      <item path="multilevelInheritance.cpp" ex="false" tool="1" flavor2="0">
      </item>
      <item path="multipleInheritance.cpp" ex="false" tool="1" flavor2="0">
      </item>
      <item path="newDeleteOperator.cpp" ex="false" tool="1" flavor2="0">
      </item>
      <item path="overloadingMinus.cpp" ex="false" tool="1" flavor2="0">
      </item>
      <item path="parameterizedConstructor.cpp" ex="false" tool="1" flavor2="0">
      </item>
      <item path="staticClassMember.cpp" ex="false" tool="1" flavor2="0">
      </item>
      <item path="staticMemberFunction.cpp" ex="false" tool="1" flavor2="0">
      </item>
      <item path="templateClass.cpp" ex="false" tool="1" flavor2="0">
      </item>
      <item path="templateFunction.cpp" ex="false" tool="1" flavor2="0">
      </item>
      <item path="useOfMathFunctions.cpp" ex="false" tool="1" flavor2="0">
      </item>
      <item path="virturalFunction.cpp" ex="false" tool="1" flavor2="0">
      </item>
    </conf>
  </confs>
</configurationDescriptor>
